,Name,Moisture,Shade
0,Indian Abelia,DM,SN
1,Okra,M,N
2,Aibika,M,N
3,"Musk Mallow,Musk Okra",M,N
4,"Silver Fir, Christmas Tree Fir, European Silver Fir, Silver",M,FSN
5,"Red Fir,Pacific silver fir",M,FSN
6,Balsam Fir,M,FSN
7,Grecian Fir,M,FSN
8,"Colorado Fir, White fir",DM,FSN
9,"Momi Fir, Japanese Fir",M,FSN
10,"She Balsam, Fraser fir, Southern Balsam Fir",M,FSN
11,"Grand Fir, Giant Fir, Lowland White Fir",M,FSN
12,Nikko Fir,M,FSN
13,"Subalpine Fir, Alpine Fir",M,FSN
14,"Californian Red Fir, Shasta red fir",M,FSN
15,"Caucasian Fir, Christmas Tree Fir, Nordmann",M,FSN
16,West Himalayan Fir,M,FSN
17,Noble Fir,M,FSN
18,Sacred Fir,M,FSN
19,Sakhalin Fir,M,FSN
20,Siberian Fir,M,FSN
21,Himalayan Fir,M,FSN
22,Flaky Fir,DM,FSN
23,"Veitch Fir, Christmastree",M,FSN
24,Cranberry Gourd,DM,N
25,Cotton Abroma. Perennial Indian Hemp.,M,N
26,Snowball Sand Verbena,DM,N
27,"Sand Verbena, Coastal sand verbena",DM,N
28,Transmontane Sand Verbena,DM,N
29,Desert Sand Verbena,DM,N
30,Trailing Abutilon,M,SN
31,"Abutilon, Parlour Maple, Flowering Maple, Spotted",M,SN
32,"China Jute, Velvetleaf, Butterprint Buttonweed Jute, China Mallow, Indian Velvet Leaf",DM,SN
33,"Chinese Lantern, Flowering Maple",M,SN
34,Trailing Abutilon,M,SN
35,Mulga Acacia,DM,N
36,Prairie acacia. Timbre. Fernleaf Acacia,DM,N
37,"Ear-Pod Wattle, Black Acacia, Earleaf, Black wattle",DM,N
38,"Cutch tree, Catechu acacia",DM,N
39,"Cole's wattle, Candelabra Wattle, Soap wattle,",DM,N
40,"Shikakai, Soap-Pod",D,N
41,"Wiry Wattle, Acacia, Leather Leaf",DM,SN
42,Hall’s Creek wattle,DM,N
43,"Knife-Leaf Wattle, Knife acacia",DM,N
44,"Mimosa, Silver wattle",DM,N
45,Green Wattle,DM,N
46,"Sweet Acacia, Perfume Acacia, Huisache",DM,N
47,"Strap wattle, Candelabra wattle",M,N
48,Koa Acacia,DM,N
49,Koai'a,DM,N
50,"Kuteera-Gum, White-barked acacia.",DM,N
51,"Sydney Golden Wattle, Acacia",DM,N
52,"Black Wattle, Late black wattle",M,N
53,"Blackwood, Australia Acacia, Black Acacia, Blackwood Acacia",DM,N
54,Narrow-Leaf Wattle,DM,N
55,"Murray’s wattle, Colony wattle",DM,N
56,"Kangaroo Thorn, Paradox acacia",DM,N
57,"Queensland Silver Wattle, Pearl wattle",DM,N
58,Golden Wattle,DM,N
59,"Swamp Wattle, Water wattle",DM,N
60,"Blue-Leaved Wattle, Orange wattle",DM,N
61,"Coastal Wattle, Acacia",DM,N
62,Prickly Moses,DM,N
63,"Bramble wattle. Gundabluey, Bardi bush",DM,N
64,Pirri-Pirri Bur,M,SN
65,Asian copperleaf,M,SN
66,Pitahaya. Barbed-wire cactus.,D,N
67,Naras. Butterpips,DM,N
68,Bear's Breeches,DM,SN
69,"Feijoa, Pineapple Guava",DM,N
70,"Field Maple, Hedge maple",M,SN
71,Hornbeam Maple,M,SN
72,Vine Maple,M,SN
73,Hawthorn-Leaved Maple,M,SN
74,Amur Maple,M,SN
75,"Rock Maple, Rocky Mountain maple, Douglas maple, Greene's maple, New Mexico maple, Torrey maple",M,SN
76,Box Elder,M,SN
77,"Oregon Maple, Bigleaf maple, Oregon Maple",M,SN
78,Maple,M,SN
79,Box Elder,M,SN
80,Japanese Maple,M,SN
81,Maple,M,SN
82,"Moosewood, Striped maple, Moosewood, Pennsylvania Maple",M,N
83,"Norway Maple, Harlequin Maple",M,SN
84,"Sycamore, Great Maple, Scottish Maple, Planetree Maple",M,SN
85,"Red Maple, Drummond's maple, Swamp Maple",M,SN
86,12345678910...,12345678910...,12345678910...
87,"Grey Alder, Speckled alder, Thinleaf alder, White Alder",DMWe,SN
88,"Smooth Alder, Hazel alder",MWe,N
89,Duo Zhi Zi Jin Niu,M,S
90,Baboon Root,DM,N
91,Carqueja,MWe,N
92,"Bush Groundsel, Eastern baccharis, High Tide Bush, Sea Myrtle, Salt Bush",DM,N
93,"Dwarf Chaparral Broom, Coyotebrush , Chaparral Broom",DM,N
94,Mule's Fat,DM,N
95,Baccharoides,M,N
96,Grey Myrtle,M,N
97,"Herb of Grace, Brahmi, Smooth Water Hyssop",MWe,SN
98,"Peach Palm, Pupunha",M,SN
99,"Rhodesian Teak, Zambesi Redwood",M,SN
100,"African Pearwood, False Shea Butternut",M,SN
101,"Desert Date. Desert date, Soapberry tree",MWe,N
102,Black Horehound,M,FSN
103,Deltoid Balsamroot,DM,N
104,"Balsam Root, Hooker's balsamroot, Hairy balsamroot, Idaho balsamroot, Rabbithead balsamroot, Negle",DM,N
105,Hoary Balsamroot,DM,N
106,"Oregon Sunflower, Arrowleaf balsamroot",DM,N
107,Clumping Bamboo. Long pipe bamboo.,MWe,N
108,Giant Thorny Bamboo,M,SN
109,"Spiny Bamboo. Spiny bamboo, Thorny bamboo",M,N
110,Malay Dwarf Green,M,SN
111,"Hedge Bamboo, Chinese Goddess Bamboo",M,SN
112,"Nodding Bamboo, Mai bong",M,SN
113,Odashimae Bamboo,M,SN
114,"Ryoku-Chiku, Giant Timber Bamboo, Oldham's Bamboo",M,SN
115,Clumping Bamboo,M,SN
116,"Burmese bamboo, Jama Betua",M,SN
117,Clumping Bamboo. Weaver's bamboo,M,SN
118,Bengal Bamboo. Spineless Indian bamboo,M,SN
119,Common Bamboo,M,SN
120,"Yage, Ayahuasca, Caapi",M,SN
121,Coast Banksia,M,N
122,Silver Banksia,M,N
123,"Camwood, Baphia",M,N
124,"Wild Indigo, Blue wild indigo, Blue False Indigo",DM,N
125,"Plains Wild Indigo, Longbract wild indigo, False Indigo, Cream Wild Indigo",DM,N
126,Wild Indigo,M,N
127,"White False Indigo, False Indigo",M,N
128,"Wild Indigo, Horseflyweed",DM,N
129,American Yellowrocket,M,SN
130,"Land Cress, Early yellowrocket",M,FSN
131,"Yellow Rocket, Garden yellowrocket",M,SN
132,"Vutu kana, Cut nut",M,SN
133,Pao Nut,M,N
134,"Pao nuts, Cut nut",M,SN
135,"Malabar Spinach, Indian Spinach, Ceylon spinach,",M,N
136,"Summer Cypress, Burningbush",M,N
137,Brazilian Orchid Tree,M,N
138,"White bauhinia, Zambezi coffee",DM,N
139,"Orchid Tree, Purple Butterfly Tree, Mountain Ebony, Geranium Tree, Purple Bauhinia",M,SN
140,"Camel's foot tree, monkey bread",DM,N
141,"Malu Creeper, Adda Leaf, Pahur Camel's Foot Creeper",M,N
142,Mountain Ebony,MWe,SN
143,Sloughgrass,MWeWa,SN
144,American Sloughgrass,MWeWa,SN
145,Hardy Begonia,M,S
146,Tawa,M,SN
147,"Leopard Lily, Blackberry lily, Leopard Flower",M,SN
148,"Daisy, Lawndaisy, English Daisy",M,SN
149,Wax Gourd,M,N
150,Coral Plant,M,FS
151,Salmon Barberry,DM,SN
152,"Chitra, Indian Barberry or Tree Turmeric",DM,SN
153,"Chutro, Rasanjan (Nep); marpyashi (Newa); Daruharidra, Darbi (Sans)",DM,FSN
154,Magellan Barberry,DM,SN
155,"Allegheny Barberry, American barberry",DM,SN
156,"Darwin's Barberry, Darwin's berberis",M,SN
157,Colorado Barberry,DM,SN
158,Barberry,DM,SN
159,"Korean Barberry, Barberry",DM,SN
160,12345,12345,12345
161,Alpine Calamint,DM,N
162,Sweet Flag - Calamus,WeWa,N
163,"Bael Tree, Golden Apple, Bengal Quince",M,N
164,"Hoary Balm Of Gilead, Mosquito plant",DM,N
165,"Akebia, Threeleaf Akebia",M,FSN
166,"Black She Oak, Bull Oak, Wayetuck",M,N
167,"Devil's Tongue, Umbrella Arum, Leopard Palm, Snake Palm",M,SN
168,"Chervil, Garden chervil",M,FSN
169,"Cow Parsley, Wild chervil",DM,FSN
170,Scale Fern,M,FSN
171,"Yellow Rocket, Garden yellowrocket",M,SN
172,"Summer Cypress, Burningbush",M,N
173,Yellow Wort,DM,N
174,Alcornoco,DM,N
175,Bushman's Toilet Paper,M,SN
176,Californian Brome,DM,SN
177,"Black Caraway, Black Cumin",M,SN
178,"Jelly Palm, South american jelly palm",M,SN
179,Pale indian plantain,M,FS
180,"Mysore Thorn, Shoofly",M,N
181,"Teri pods, Udakiryaka",M,N
182,"Pau Brasil, Brazil Wood, Indian Savin",M,SN
183,"Bird Of Paradise, Bird-of-paradise shrub",M,N
184,Sappanwood. Rainbow wood,DM,N
185,"Spiny Holdback, Tara",M,SN
186,Blue Grass Lily,M,N
187,Blue Grass Lily,M,N
188,Blue Grass Lily,M,N
189,"Pigeon Pea, Puerto Rico Bean, Gandul, Dhal, Congo Pea",M,N
190,"Sea Rocket, American searocket, Harper's searocket",DM,N
191,"Sea Rocket, European searocket",M,N
192,Large-Flowered Calamint,DM,SN
193,Lesser Calamint,DM,N
194,"Calamint, Woodland calamint",DM,SN
195,Rotan Sega,M,SN
196,Rotan Manau,M,SN
197,Egg-shaped Rattan. Rotan Ovoid,M,SN
198,Rotan Rays. Radial Leaf Rotan,M,SN
199,"Rattan, Rotang, Rattan Cane",M,SN
200,Rattan Palm,M,SN
201,"Redmaids, Fringed redmaids",DM,N
202,Redmaids,DM,N
203,Parakeelya,DM,N
204,"Sweetcorn Root, Guinea Arrowroot",M,SN
205,Field Marigold,M,N
206,"calendula, Pot Marigold",M,SN
207,Water Arum,WeWa,N
208,"Red Calliandra, Powderpuff, Kaliandra",M,SN
209,"American Beautyberry, Beautyberry, French Mulberry, American Beautyberry",M,SN
210,"Beautyberry, Japanese callicarpa, Japanese Beautyberry",M,SN
211,Black Wattle,M,SN
212,"Finger Poppy Mallow, Winecup",DM,N
213,"Poppy Mallow, Purple poppymallow, Winecup, Finger Poppy Mallow",DM,N
214,Tall Poppy-Mallow,DM,N
215,"Crimson Bottlebrush, Red Bottlebrush, Lemon Bottlebrush",DMWe,N
216,"Water Starwort, Northern water-starwort",Wa,N
217,"Common Waterwort, Vernal water-starwort",Wa,N
218,White Cypress-Pine,DM,N
219,Red Cypress-Pine,DM,N
220,"Heather, Scotch Heather",DM,SN
221,"Incense Cedar, California Incense Cedar",DM,SN
222,"Mariposa Lily, Golden mariposa lily",DM,N
223,"Clubhair mariposa lily, Arroyo de la Cruz mariposa lily",DM,N
224,"Star Tulip, Elegant mariposa lily",DM,N
225,"Mariposa Lily, Gunnison's mariposa lily",DM,N
226,"Yellow Mariposa, Yellow mariposa lily",DM,N
227,"Sagebrush Mariposa Lily, Nez Perce mariposa lily",DM,N
228,Sego Lily,DM,N
229,"Mount Diablo Globelily, Mt. diablo fairy-lantern",DM,SN
230,Tolmie Startulip,DM,SN
231,"Large-Flowered Star Tulip, Monterey mariposa lily",DM,N
232,Butterfly Mariposa Lily,DM,N
233,Brazil Beauty-Leaf,M,SN
234,12345678910...,12345678910...,12345678910...
235,"Japanese Angelica Tree, Angelica Tree",M,SN
236,Odashimae Bamboo,M,SN
237,"Coral Root, Coralroot bittercress",M,SN
238,"Larkspur, Royal knight's-spur",DM,SN
239,Cabbage Tree,M,SN
240,Cabbage Tree,M,SN
241,Japanese Dogwood,M,SN
242,Kahikatea,M,S
243,"Rimu, New zealand red pine",M,S
244,"Bush Butter Tree, Butterfruit, African Plum, bush pear, bush plum, safou",MWe,SN
245,Monkey Fruit,M,N
246,"Cock's Foot, Orchardgrass, Ascherson's orchardgrass",M,SN
247,"Button Grass, Buttongrass",M,SN
248,Marsh Orchid,M,SN
249,Spotted Orchid,M,SN
250,"Dahlia, Pinnate dahlia",M,N
251,"Dahlia, Pinnate dahlia",M,N
252,"Palissandre rouge des marais, hitsika, sovodrano",Mwe,N
253,"Siam Rosewood, Thailand Rosewood",M,N
254,Madagascar Rosewood,DM,N
255,"Black Rosewood, East Indian Rosewood, Kala sheeshan, Satisal",M,N
256,"Andramena, Volombodipona, Violet rosewood",M,N
257,"African Blackwood, Grenadilla, Mpingo",DM,N
258,"Hazovola, tsiandalana, voamboana",M,N
259,Brazilian Rosewood,DM,N
260,Redwood,M,SN
261,Cocobolo,M,N
262,Honduras Rosewood,M,N
263,White Prairie Clover,DM,N
264,White Prairie Clover,DM,N
265,Purpletassels,DM,N
266,Purple Prairie Clover,DM,N
267,Thrumwort,WeWa,SN
268,"Accra copal, Ogea copal",M,N
269,African Copaiba Balsam Tree,M,N
270,Lilac Daphne,M,SN
271,Flax-Leaved Daphne,DM,SN
272,Spurge Laurel,DM,FS
273,"Mezereon, Paradise plant, February Daphne",M,S
274,"Winter Daphne, Fragrant Daphne",M,SN
275,"Umbrella Plant, Indian rhubarb, Indian Rubarb, Indian Rubarb",WeWa,SN
276,Texas sotol,M,SN
277,"Sotol, Common sotol, Bear Grass, Common Sotol, Desert Spoon",DM,N
278,"Acalbir, Akalbir",M,N
279,"Downy Thorn Apple, Pricklyburr",DM,N
280,"Thorn Apple, Angel's Trumpet, Hindu Datura, Horn of Plenty, Downy Thorn Apple",DM,N
281,"Oak Leaf Datura, Chinese thorn-apple",DM,N
282,"Thorn Apple, Jimsonweed, Jamestown Weed",DM,N
283,"Wild Carrot, Queen anne's lace, Carrot, Wild Carrot, Queen Anne's Lace",M,N
284,Carrot,M,N
285,"Rattlesnake Weed, American wild carrot",M,N
286,Wild Rhea,M,S
287,Blue Sausage Fruit,M,SN
288,Waterleaf,MWe,S
289,"Barbasco, cube, timbo, nicou, lancepod",M,FSN
290,Northern larkspur,M,N
291,"Candle larkspur, English Larkspur",M,N
292,"Giant Larkspur, Sierra larkspur",M,N
293,Menzies' Larkspur,M,N
294,"Red Larkspur, Larkspur",M,N
295,"Larkspur, Twolobe larkspur",M,N
296,Zalil,M,N
297,Stavesacre,M,N
298,Chrysanthemum,M,N
299,"Chrysanthemum, Cut Mum, Garden Mum, Pot Mum, Florist's Chrysanthemum",M,N
300,"Giant Bamboo, Dragon bamboo, Sweet bamboo",M,N
301,"Velvet Leaf Bamboo, Clumping Bamboo",M,N
302,"Giant Bamboo, Bhalu bans, Dhungre bans",M,SN
303,Tama Bamboo. Tufted bamboo,M,SN
304,"Bhalu bans, Bhutan Green Bamboo",M,SN
305,"Sweet Bamboo, Sweet bamboo shoot, Taiwan giant bamboo",M,N
306,White bamboo,DM,SN
307,Male Bamboo. Calcutta Stricta or Bamboo,DM,SN
308,Hay-scented fern,M,FSN
309,1234,1234,1234
310,"White Snakeroot, Richweed",M,SN
311,Fragrant Snakeroot,M,SN
312,Western Snakeroot,M,SN
313,"Heather, Scotch Heather",DM,SN
314,"Canada Fleabane, Canadian horseweed",DM,SN
315,Portuguese Crowberry,DM,SN
316,"Poverty Grass, Broom crowberry",DM,SN
317,"Button Grass, Buttongrass",M,SN
318,"Longan, Lungan, Dragon's Eye, Cat's Eye",M,SN
319,Corkwood,M,N
320,Squirting Cucumber,DM,N
321,"Echinacea, Blacksamson echinacea, Strigose blacksamson",DM,N
322,"Cone Flower, Pale purple coneflower",M,N
323,"Echinacea, Eastern purple coneflower, Hedge Coneflower, Black Sampson , Purple Coneflower",DM,N
324,Jungle Rice,M,N
325,"Barnyard Millet, Barnyardgrass,",M,N
326,"Japanese Millet, Billion-dollar grass",M,N
327,Aleman Grass. German grass,MWeWa,N
328,Wild Cucumber,M,N
329,"Globe Thistle, Southern globethistle, Small Globe Thistle",DM,N
330,Globe Thistle,DM,SN
331,"Viper's Bugloss, Common viper's bugloss",DM,N
332,"Han Lian Cao, False daisy",MWe,S
333,Oriental paperbush,M,SN
334,Nepalese Paper Bush,M,SN
335,"Paperbush, Oriental Paperbush",M,SN
336,Koda Tree,M,N
337,"Anaqua, Knockaway",DM,N
338,"Water Hyacinth, Common water hyacinth",M,SN
339,"Oleaster, Russian olive",DM,N
340,Silverberry,DM,N
341,Goat nipple,DM,FSN
342,Bastard Oleaster,DM,N
343,Broad-leaved Oleaster,DM,FSN
344,"Goumi, Cherry silverberry",DM,SN
345,Goumi,DM,SN
346,Trebizond Date,DM,N
347,Autumn olive,DM,N
348,"Elaeagnus, Thorny olive, Thorny Elaeagnus, Oleaster, Silverberry, Silverthorn, Pungent Elaeagnus",DM,FSN
349,Autumn Olive,DM,N
350,"Elaeagnus, Ebbing's Silverberry",DM,FSN
351,African Oil Palm,MWe,N
352,American Oil Palm,M,N
353,Blueberry Ash,M,SN
354,Chinese Water Chestnut,WeWa,N
355,"Common Spike-Rush, Common spikerush",WeWa,SN
356,"Finger Millet, African finger millet",M,N
357,"Wire Grass, Indian goosegrass, Yard Grass, Goose Grass",M,N
358,Wu Jia Pi,M,SN
359,Taka-No-Tsume,M,N
360,Siberian Ginseng,M,SN
361,"Ukogi, Five Leafed Aralia",M,SN
362,"Canadian Pondweed, Canadian waterweed",Wa,SN
363,Crested latesummer mint,M,N
364,Ji Gu Chai,M,SN
365,Shiny Elsholtzia,M,N
366,Canadian Wild Rye,M,N
367,Blue Wild Rye,DM,N
368,"Wild triga, Pubescent wheatgrass,",M,N
369,Sand Couch,DM,N
370,Couch Grass,DMWe,FSN
371,"False black pepper, White-flowered Embelia",M,S
372,"Doublegee, Southern threecornerjack",M,SN
373,"Tassel Flower, Scarlet tasselflower",DM,N
374,"Cupid's Shaving Brush, Lilac tasselflower",M,N
375,Purple Crowberry,M,SN
376,12345,12345,12345
377,Agave,DM,N
378,"White Sapote, Mexican Apple",M,N
379,"Chinquapin, Ozark chinkapin",DM,N
380,Chinquapin,DM,N
381,Incised fumewort,M,S
382,Pichi,M,N
383,Perennial Buckwheat,DM,SN
384,Buckwheat,DM,N
385,Perennial Buckwheat,M,SN
386,Tartarian Buckwheat,DM,N
387,"Ironwood, Tembusu",MWe,N
388,Japanese Beech,DM,FSN
389,American Beech,DM,FSN
390,Japanese Beech,DM,FSN
391,Oriental Beech,DM,FSN
392,"Beech, European beech, Common Beech",DM,FSN
393,White Acacia. White-thorn. Apple ring acacia,DM,N
394,Batai,M,N
395,Apache Plume,DM,N
396,Leopard Plant,M,SN
397,Fountain Bamboo,M,FSN
398,"Asafoetida - Devil's Dung. Hing (Indian), Asafetida",DM,N
399,Giant Fennel,DM,N
400,Asafoetida,DM,N
401,Galbanum,DM,N
402,Musk Root,DM,N
403,Ferula,DM,N
404,Sheep's Fescue,DM,SN
405,Meadow fescue,DM,SN
406,"Huan wen rong, Nizhangde",M,N
407,"Fig, Edible fig, Fig Common",DM,N
408,Sandpaper Fig,M,SN
409,Rubber Plant. India Rubber Tree,M,SN
410,Moreton Bay Fig,M,SN
411,"Wild Fig, Punjab fig",DM,N
412,Cluster Fig,M,SN
413,"Queen Of The Prairie, Meadowsweet",MWe,SN
414,"Meadowsweet, Queen of the meadow, Double Lady of the Meadow, European Meadowsweet",MWe,SN
415,"Dropwort, Meadowsweet",DM,N
416,"Chinese Parasol Tree, Chinese parasoltree, Japanese Varnish Tree, Chinese Parasol Tree",M,SN
417,"Alerce, Patagonian cypress",M,SN
418,Enoki-mame,MWe,SN
419,"Fennel, Sweet fennel",DM,N
420,Florence Fennel,DM,N
421,Sweet Fennel,DM,N
422,Xue Liu,M,SN
423,"Swamp Privet, Eastern swampprivet",M,SN
424,Wild Olive,DM,SN
425,"Lian Qiao, Weeping forsythia",M,FSN
426,"Golden Bells, Greenstem forsythia, Forsythia",M,FSN
427,"Golden Bell, Border Forsythia",M,FSN
428,Round Kumquat,M,SN
429,Oval Kumquat,M,N
430,Ocotillo. Coach whip,D,N
431,"Strawberry, Beach strawberry, Pacific beach strawberry, Sandwich beach strawberry, Virginia strawber",M,SN
432,Woodland Strawberry,M,SN
433,Californian Strawberry,M,SN
434,"Beach Strawberry, Pacific beach strawberry, Sandwich beach strawberry",M,SN
435,Strawberry,M,SN
436,Hautbois Strawberry,M,SN
437,Indian Strawberry,M,SN
438,Rocky Mountain Strawberry,M,SN
439,"Wild Strawberry, Woodland strawberry, California strawberry",M,SN
440,Alpine Strawberry,M,SN
441,"Scarlet Strawberry, Virginia strawberry",M,SN
442,Green Strawberry,M,SN
443,Strawberry,M,SN
444,American Columbo,M,SN
445,"Green Gentian, Elkweed",M,SN
446,White Ash,DM,SN
447,Narrow-Leaved Ash,DM,N
448,Xiao Ye Qin,DM,N
449,Hua Qu Liu,M,N
450,"Ash, European ash, Common Ash",MWe,N
451,Himalayan Ash,M,N
452,Oregon Ash,M,N
453,12,12,12
454,Slenderleaf False Foxglove,DM,SN
455,"Corncockle, Common corncockle",DM,SN
456,"Catsfoot, Stoloniferous pussytoes",DM,N
457,Traveler's delight,M,SN
458,Dyer's Woodruff,DM,SN
459,Verawood,DM,N
460,"Pau Brasil, Brazil Wood, Indian Savin",M,SN
461,Water WhirlGrass,WeWa,SN
462,"Twolobe clarkia, Mariposa clarkia, Brandegee's clarkia",M,SN
463,Winecup clarkia,M,SN
464,"African Spider Flower, Spiderwisp",DM,N
465,Bamboo Fern,M,SN
466,"Crosswort, Smooth bedstraw",DM,SN
467,Prostrate Broom,DM,N
468,Yellow Star Of Bethlehem,M,SN
469,"Blanket Flower, Red dome blanketflower",M,SN
470,Blanket flower,DM,N
471,"Snowdrop, Common Snowdrop",M,S
472,"Beetleweed, Wandflower",DM,FS
473,"Goat's Rue, Professor-weed",M,SN
474,Splitlip hempnettle,M,SN
475,"Broadleaf Hemp Nettle, Red hempnettle",M,SN
476,Downy Hemp Nettle,M,SN
477,"Large Flowered Hemp Nettle, Edmonton hempnettle",M,SN
478,"Common Hemp Nettle, Brittlestem hempnettle",M,SN
479,Gallant Soldier,M,SN
480,"Goosegrass, Coachweed, Catchweed, Stickywilly",DM,FSN
481,Northern Bedstraw,DM,S
482,"Hedge Bedstraw, False baby's breath",DM,S
483,"Sweet Woodruff, Sweetscented bedstraw, Bedstraw",DM,FS
484,False Cleavers,DM,S
485,Threepetal Bedstraw,M,SN
486,Fragrant Bedstraw,DM,S
487,"Lady's Bedstraw, Yellow Spring bedstraw, Wirtgen's bedstraw",DM,SN
488,Bacupari,M,SN
489,"Bacupari, achacha",M,SN
490,Siam gamboge. Hanbury's garcinia,M,SN
491,Bitter Kola,MWe,SN
492,"Madruno, Charichuela, Madrono",M,SN
493,"Mangosteen, Manggis",M,SN
494,"Mysore Gamboge. Gamboge, Himalayan garcinia",M,SN
495,"Coast Silk Tassel, Wavyleaf silktassel",DM,FSN
496,"Fever Bush, Bearbrush",DM,FSN
497,Tien Ma,M,FS
498,Potato Orchid,M,SN
499,Snowberry,M,FS
500,White Waxberry,M,SN
501,Mountain Snowberry,M,SN
502,Fragrant Wintergreen,M,FS
503,Snowberry,M,S
504,Creeping Snowberry,MWe,S
505,"Alpine Wintergreen, Alpine spicywintergreen",M,SN
506,Creeping Snowberry,MWe,S
507,Prickly heath,M,SN
508,"Mountain Checkerberry, Western teaberry",M,FS
509,"Checkerberry, Eastern teaberry, Teaberry, Creeping Wintergreen",DM,FS
510,"Shallon, Salal",DM,FSN
511,Black Huckleberry,DM,SN
512,Box Huckleberry,DM,FSN
513,Dwarf Huckleberry,M,SN
514,"Dangleberry, Blue huckleberry",DM,SN
515,Bear Huckleberry,M,SN
516,Australian Willow,M,SN
517,Scrambling Lily,M,SN
518,"False Jasmine, Yellow Jessamine, Evening Trumpetflower, Carolina Jasmine",M,SN
519,Spanish Gorse,DM,N
520,"Hairy greenweed, silkyleaf broom",DM,SN
521,"Creeping broom, Creeping hairy broom",DM,SN
522,"Winged Broom, Arrow Broom",DM,SN
523,"Dyer's Greenweed, Common Woadwaxen, Broom",DM,N
524,Gentian,M,SN
525,"Closed Bottle Gentian, Dakota gentian",M,SN
526,Yellow Gentian,M,SN
527,Qin Jiao,M,SN
528,1234,1234,1234
529,Okra,M,N
530,Aibika,M,N
531,"Musk Mallow,Musk Okra",M,N
532,Yerba Mansa,WeWa,SN
533,"Incense Cedar, California Incense Cedar",DM,SN
534,"Gotu Kola, Spadeleaf",MWe,SN
535,Bolo Bolo,MWe,N
536,Waterleaf,MWe,S
537,Showy tick-trefoil,DM,SN
538,Dwarf scouring rush,MWe,FSN
539,Sparse-flowered bog orchid,M,SN
540,Caucasian spinach,M,FSN
541,Sweet Hakea,DM,SN
542,Silky Hakea,DM,SN
543,Cork Tree,M,SN
544,Spurred Gentian,M,S
545,"Silver-Bell Tree, Carolina silverbell, Mountain silverbell",M,N
546,Silverbell or Mountain Silverbell,M,FSN
547,Sea Purslane,MWe,SN
548,"Salt Tree, Common salttree",DM,N
549,Saxaul,DM,N
550,Salt Tree,DM,N
551,Saxaul,DM,N
552,"Witch Hazel, American witchhazel, Common Witchhazel, Virginian Witchhazel, Witchhazel",M,SN
553,"Mangaba Rubber Tree, Mangabiera",M,N
554,Guayacan,M,N
555,"Pau D'Arco, Pink Trumpet Tree",M,N
556,Yellow Trumpet Tree,M,N
557,Spiny Ironplant,DM,SN
558,"Coral Pea, Purple Coral Pea, False Sarsaparilla, Vine Lilac",M,SN
559,Great Orme Hebe,M,N
560,New Zealand hebe,M,N
561,Hebe,M,SN
562,"American Pennyroyal, American false pennyroyal",DM,SN
563,"Ivy, English ivy, Algerian ivy, Baltic Ivy, Common Ivy",MWe,FSN
564,Nepal Ivy,MWe,FSN
565,"Butterfly Ginger, White garland-lily, Garland Flower, Butterfly Lily",MWe,N
566,Alpine Sweetvetch,M,N
567,"Sweet Vetch, Utah sweetvetch, Northern sweetvetch",M,N
568,Liquorice Root,M,N
569,Alpine French Honeysuckle,M,N
570,"Liquorice Root, Western sweetvetch",M,N
571,"Erva De Vida, Shrubby yellowcrest",M,N
572,"Bitter Sneezeweed, Sneezeweed",M,N
573,"Sneezeweed, Common sneezeweed, Fall sneezeweed, Mountain sneezeweed, False Sunflower",M,N
574,"Owls Claws, Orange Sneezeweed",M,SN
575,Rosilla,M,N
576,"Frostweed, Longbranch frostweed",DM,N
577,"Common Rockrose, Sun Rose, Rock Rose",M,SN
578,"Sunflower, Common sunflower",DM,SN
579,Cusick's sunflower,DM,N
580,Thinleaf sunflower,M,SN
581,Giant Sunflower,M,N
582,Perennial Sunflower,DM,N
583,"Showy Sunflower, Cheerful sunflower",M,N
584,Wild Sunflower,M,N
585,"Maximillian Sunflower, Maximillian Daisy",M,N
586,"Stiff Sunflower, Prairie Sunflower",DM,N
587,Prairie Sunflower,DM,N
588,Paleleaf Woodland Sunflower,M,N
589,Jerusalem Artichoke,DM,N
590,Common Everlasting Flower,M,SN
591,Everlasting Flower,DM,N
592,Curry Plant,DM,N
593,"Letterhout, Letter Wood",M,N
594,"False sunflower, Oxeye sunflower",DM,SN
595,"Heliotrope, Garden heliotrope, Cherry Pie, Heliotrope",M,N
596,"Stinking Hellebore, Setterwort, Bear's Foot, Bearsfoot, Setterwort, Stinkwort, Stinking Hellebore",M,S
597,Black Hellebore,M,S
598,Green Hellebore,M,S
599,Citron daylily,DM,SN
600,Day Lily,DM,SN
601,1234,1234,1234
602,African Mahogany,MWe,N
603,"Leopard Lily, Blackberry lily, Leopard Flower",M,SN
604,False yellowhead,M,N
605,Spanish Nut,DM,SN
606,"Rocket Candytuft, Annual candytuft",DM,N
607,"Candytuft, Globe candytuft",DM,N
608,Idesia,M,SN
609,"Holly, English holl, Christmas Holly, Common Holly, English Holly",DM,FSN
610,"Cassine, Dahoon, Cassine Holly",M,SN
611,Large Gallberry,M,SN
612,"Horned Holly, Chinese holly",M,SN
613,"Japanese Holly, Box Leaved Holly",M,SN
614,Inkberry,M,SN
615,Mochi Tree,M,SN
616,Tarajo,M,SN
617,American Holly,M,SN
618,Kurogane holly,M,SN
619,"Winterberry, Common winterberry",MWe,SN
620,"Yaupon Holly,",M,SN
621,Holly,M,SN
622,"Star Anise, Chinese Anise,Japanese Anise",M,SN
623,"Aniseed Tree, Florida anisetree, Purple Anise, Star Anise, Florida anise",M,SN
624,"Ba Jiao Hui Xian, Staranise tree",M,SN
625,Paleyellow touch-me-not,M,SN
626,"Rose Balsam, Spotted snapweed, Touch-Me-Not, Garden Balsam",M,SN
627,Jewelweed,M,SN
628,"Jewelweed, Ornamental jewelweed",M,SN
629,Touch-Me-Not,M,SN
630,"Pale Jewelweed, Pale touch-me-not",M,SN
631,Smallflower touchmenot,M,SN
632,"Cogongrass, Japanese Blood Grass",DM,N
633,Hardy Gloxinia,M,SN
634,"Bengal Indigo, Java indigo, Natal indigo",M,N
635,Chinese indigo,M,N
636,"Creeping indigo, spicate indigo, trailing indigo",DM,FSN
637,Indigo Bush,DM,N
638,"Kirilow's indigo, Indigo",M,N
639,Indigo,M,N
640,"Anil Indigo, Anil de pasto",DM,SN
641,"Indigo, True Indigo, dye indigo",M,SN
642,"Inga Assu, Inga Acu",M,N
643,Densely flowered Inga,M,N
644,"Ice Cream Bean, Monkey Tamarind",DMWe,SN
645,Guaba de zorro,DM,SN
646,"Ice Cream Bean, Jinicuil",M,N
647,"Ice cream bean, River koko, Guaba, Pois Doux",M,N
648,"Tahiti Chestnut, Polynesian Chestnut",MWe,FSN
649,"Moluccan Ironwood, Ipil",DM,SN
650,"Borneo Teak, Merbau",DM,N
651,"Xuan Fu Hua, British yellowhead",MWe,N
652,Xuan Fu Hua,M,SN
653,Sheep's Ear,M,SN
654,Ploughman's Spikenard,M,N
655,Golden Samphire,M,SN
656,"Elecampane, Elecampane inula",M,SN
657,"Moonflower, Tropical white morning-glory",M,N
658,"Kangkong, Swamp Morning Glory",MWeWa,N
659,"Sweet Potato, Black Sweet Potato, Sweet Potato Vine",M,N
660,Jalap,M,SN
661,Bush Moon Flower,M,N
662,"Japanese Morning Glory, Whiteedge morning-glory",M,N
663,"Wild Potato Vine, Man of the earth",M,N
664,"Common Morning Glory, Tall morning-glory",M,N
665,"Saltmarsh Morning Glory, Saltmarsh morning-glory",M,SN
666,"Morning Glory, Grannyvine",M,N
667,"Skyrocket, Scarlet gilia",DM,N
668,Ballhead ipomopsis,M,SN
669,"Crested Iris, Dwarf crested iris",M,SN
670,"Mountain Iris, Douglas iris",DMWe,SN
671,Japanese Water Iris,MWe,N
672,"Stinking Gladwin, Stinking iris, Gladwin Iris",DMWe,FSN
673,"Purple Flag, German iris, Orris-root, Tall Bearded German Iris, Bearded Iris",DM,SN
674,"Orris, Orris-root",M,SN
675,Bowltube Iris,M,SN
676,Rocky Mountain Iris,MWe,SN
677,"Dalmation Iris, Sweet iris, Fragrant Iris, Zebra Iris",DM,SN
678,12,12,12
679,Water Hickory,M,N
680,Jasmin,M,SN
681,Yellow Jasmine,DM,SN
682,"Winter-Flowering Jasmin, Winter jasmine",M,FSN
683,"Jessamine, Poet's jasmine",M,SN
684,Jasmine Tea,M,SN
685,"Physic Nut, Barbados Nut",D,N
686,"Twinleaf, Rheumatism Root",M,FS
687,Hen And Chickens Houseleek,DM,N
688,"Chilean Wine Palm, Chile cocopalm",M,N
689,Japanese Walnut,M,N
690,Heartseed Walnut,M,N
691,"California Walnut, Southern California walnut",M,N
692,Chinese Walnut,M,N
693,"Butternut - White Walnut, Butternut",M,N
694,"Hind's Black Walnut, Northern California walnut, Paradox hybrid walnut",M,N
695,"Hind's Black Walnut, Northern California walnut, Paradox hybrid walnuH",M,N
696,Arizona Walnut,M,N
697,Manchurian Walnut,M,N
698,"Texas Walnut, Little walnut, Stewart's little walnut",M,N
699,Andean Walnut,M,N
700,Black Walnut,M,N
701,"Olancho walnut, Central American walnut",MWe,SN
702,"Walnut, English walnut, Persian Walnut,",M,N
703,Walnut,M,N
704,Walnut,M,N
705,Buartnut,M,N
706,"Sharp Rush, Spiny rush, Leopold's rush",MWeWa,SN
707,Baltic Rush,MWeWa,SN
708,Common rush,MWeWa,SN
709,Dudley's Rush,MWe,SN
710,"Soft Rush, Common rush, Lamp rush, Pacific rush",MWeWa,SN
711,"Hard Rush, European meadow rush",MWeWa,SN
712,Poverty Rush,MWe,SN
713,"Ashe Juniper, Mountain Cedar",DM,N
714,"Californian Juniper, Chuperosa",DM,N
715,"Chinese Juniper, Sargent juniper",DM,N
716,"Juniper, Common juniper",DM,SN
717,Juniper,DM,SN
718,Shore Juniper,DM,SN
719,Alligator Juniper,DM,N
720,Syrian Juniper,DM,N
721,Grecian Juniper,DM,N
722,"Creeping Juniper, Horizontal Juniper",DM,N
723,One-Seed Juniper,DM,N
724,Western Juniper,DM,N
725,"Desert Juniper, Utah juniper",DM,N
726,"Prickly Juniper, Cade juniper",DM,N
727,Himalayan Juniper,M,N
728,"Temple Juniper, Needle Juniper",DM,N
729,"Savine, Tam Juniper",DM,N
730,"Rocky Mountain Juniper, Weeping Rocky Mountian Juniper, Colorado Red Cedar",DM,N
731,"Southern Redcedar, Juniper, Southern Red Cedar",DM,N
732,Flaky Juniper,DM,N
733,"Pencil Cedar, Eastern redcedar, Southern redcedar, Silver Cedar, Burk Eastern Red Cedar, Silver East",DM,N
734,Manicoba,DM,N
735,"Cassava, Tapioca Plant, Yuca",DM,FSN
736,Pataua Palm. Bataua,MWe,N
737,Asoka Tree. Sorrow-less Tree,M,SN
738,Teak,M,N
739,Kiwi,M,SN
740,Distaff Thistle,DM,N
741,"Katrafay, Kathrafay",DM,N
742,West African Rubber Tree. Lagos silk rubber,M,N
743,Japanese Aster,M,SN
744,Sheep Laurel,M,SN
745,"Mountain Laurel, Calico Bush, Ivy",M,SN
746,"Swamp Laurel, Bog laurel",M,SN
747,"Tree Aralia, Castor aralia",M,SN
748,"Bachelor's Button, Japanese rose, Jew's Mallow, Japanese Kerria",M,SN
749,"White Mahogany, East African Mahogany",M,N
750,Dryzone Mahogany,MWe,SN
751,"Fluellen, Sharpleaf cancerwort",M,SN
752,Kinugasaso,M,SN
753,"Field Scabious, Field scabiosa",DM,SN
754,Rewarewa,M,SN
755,"Red Hot Poker , Common Torch Lily, Torch Lily, Poker Plant, Tritoma",M,N
756,"June Grass, Prairie Junegrass",M,SN
757,"Golden Rain Tree, Varnish Tree",DM,N
758,"Korean Lespedeza, Korean clover",DM,N
759,"Common Lespedeza, Japanese clover",M,SN
760,Banana,M,N
761,Whiteleaf Mountain Mint,DM,SN
762,"Mountain Mint, Appalachian mountainmint",M,SN
763,Hoary Mountain Mint,DM,SN
764,Cluster Mountain Mint,M,SN
765,"Mountain Mint, Whorled mountainmint",DM,SN
766,Virginia Mountain Mint,DM,SN
767,Carolina Yelloweyed Grass,MWe,SN
768,"Hard Fern, Deer fern",M,FSN
769,"Hoary Cress, Whitetop",M,SN
770,"Papoose Root, Blue cohosh",M,FS
771,"Soap Lily, Wavyleaf soap plant",M,SN
772,Blue Sow Thistle,M,S
773,Leafstem tickseed,DM,N
774,"Giant coreopsis, Sea Dahlia",DM,N
775,"Swine Wartcress, Lesser swinecress",M,SN
776,Kenilworth Ivy,DM,S
777,Blue Wild Rye,DM,N
778,Leopard Plant,M,SN
779,"Kamchatka Lily, Kamchatka fritillary",M,SN
780,Yellow Fritillary,DM,SN
781,Dwarf Huckleberry,M,SN
782,"Fluellen, Sharpleaf cancerwort",M,SN
783,"Korean Lespedeza, Korean clover",DM,N
784,"Hyacinth Bean, Bonavist-bean",M,N
785,"Scotch Laburnum, Alpine Bea Tree, Alpine Golden Chain Tree",DM,SN
786,"Laburnum, Golden chain tree",DM,SN
787,Red Root,M,SN
788,Tall Blue Lettuce,M,SN
789,Canada Lettuce,M,SN
790,Indian Lettuce,M,SN
791,"Western Wild Lettuce, Biannual lettuce",M,SN
792,Perennial Lettuce,DM,N
793,Blue Lettuce,M,SN
794,Wild Lettuce,M,SN
795,"Lettuce, Garden lettuce",M,SN
796,Celtuce,M,SN
797,Cabbage Lettuce,M,SN
798,Cutting Lettuce,M,SN
799,Cos Lettuce,M,SN
800,Prickly Lettuce,M,N
801,Prickly lettuce,M,SN
802,"Wild Lettuce, Bitter lettuce",M,N
803,Moela de mutum,M,SN
804,Huon Pine,M,S
805,Bottle Gourd,M,N
806,"Crepe Myrtle, Crepeflower",DM,N
807,Intoxicating Mint,DM,N
808,Wild Cumin,M,SN
809,White Dead Nettle,M,SN
810,"Henbit, Henbit deadnettle",DM,N
811,Yellow Archangel,M,FSN
812,"Red Dead Nettle, Purple deadnettle",M,SN
813,"Guinea gumvine, Landolphia rubber",MWe,N
814,"Sand apricot-vine, Coast rubber vine, Wildpeach",M,SN
815,"Langsat, Lansa, Lanzon",M,SN
816,"Wild Sage, Lantana Verbena",DMWe,SN
817,Chilean Bellflower,DM,FS
818,Canadian Wood Nettle,M,SN
819,"Nipplewort, Common nipplewort",M,SN
820,Zabala Fruit,M,S
821,"Larch, European Larch, Common Larch",M,N
822,"Dahurian Larch, Kurile larch",M,N
823,Japanese Larch,M,SN
824,"Tamarack, Hackmatack, American Larch",MWe,N
825,Sub-Alpine Larch,M,SN
826,Western Larch,M,N
827,Larch,M,N
828,Siberian Larch,M,SN
829,Dunkeld Hybrid Larch,M,N
830,Creosote Bush - Chaparral,M,SN
831,Gladich,M,SN
832,Laserwort,M,SN
833,"Yellowray Goldfields, Coulter's goldfields",M,N
834,Yellow-Flowered Pea,DM,N
835,"Chickling Vetch, Red pea",M,N
836,"Beach Pea, Smallflower beach pea",DM,N
837,Beach Pea,DM,N
838,"Perennial Sweet Pea, Perennial pea",DM,SN
839,Bitter Vetch,M,SN
840,Lord Anson's Pea,M,N
841,Cream Peavine,M,SN
842,123456,123456,123456
843,"Cutch tree, Catechu acacia",DM,N
844,Green Wattle,DM,N
845,"Sydney Golden Wattle, Acacia",DM,N
846,Horse chestnut,DM,SN
847,"Mountain Dandelion, Orange agoseris",DM,N
848,Alangium,M,N
849,"Southern Juneberry, Coastal serviceberry",M,SN
850,Running Bamboo,M,FSN
851,Astronium,M,N
852,Urunday,DM,N
853,Rattan Palm,M,SN
854,"Sweetcorn Root, Guinea Arrowroot",M,SN
855,Gold Of Pleasure,DM,SN
856,Hottentot Fig,DM,N
857,"Hottentot Fig,",DM,N
858,Pigface,DM,SN
859,Hybrid and neohybrid hickories,DM,N
860,Perennial quinoa,DM,N
861,"Perennial egusi, Bitter-apple",DM,N
862,"Hybrid & Neohybrids, Hazel, Filbert",M,SN
863,Pajura,M,SN
864,Tansy-Leaved Thorn,DMWe,SN
865,Pig's Face,DM,N
866,American Dragonhead,M,SN
867,"Ethiopian Banana, Abyssinian banana",M,N
868,"Loquat, Japanese Loquat",DM,SN
869,Lacquer tree,M,N
870,Burmese Varnish Tree,M,N
871,Upland Cotton,M,N
872,"Gumweed, Gum Plant",DM,N
873,Perennial Sunflower,DM,N
874,Prickly lettuce,M,SN
875,Perennial Lepidium,M,SN
876,Perennial Flax,M,N
877,"Chinese Yellow Wood, Amur maackia",DM,N
878,Celebes nut,MWe,N
879,"Macadamia, Macadamia nut",M,N
880,"Macadamia Nut, Gympie nut",M,N
881,"Queensland Nut, Macadamia nut",M,N
882,Plume Poppy,M,SN
883,"Osage Orange, Bois D'Arc",DM,N
884,Fustic Tree,DM,N
885,"Giant Trumpets, Thurber's giant-trumpets",DM,N
886,"Burrawang, Cycads",DMWe,FSN
887,"Butter Tree. Mahua, Illipe",DM,N
888,Showy Tarweed,M,N
889,Grassy Tarweed,M,N
890,"Common Madia, Showy tarweed, Spring madia, Wheeler's tarweed",M,SN
891,Mountain Tarweed,M,N
892,"Chile Tarweed, Coast tarweed",M,N
893,"Cucumber Tree, Cucumber Magnolia",M,SN
894,"Lily Tree, Yulan Magnolia",M,SN
895,Bwapen mawon,M,N
896,"Southern Magnolia, Bull Bay, Large-flowered Magnolia, Southern Magnolia",M,SN
897,Whitebark Magnolia,M,SN
898,"Kobus magnolia, Northern Japanese Magnolia",M,SN
899,"Mu-Lan, Woody Orchid, Lily Magnolia",M,SN
900,Bigleaf Magnolia,M,SN
901,Hou Po,M,SN
902,Star Magnolia,M,SN
903,"Laurel Magnolia, Sweetbay",M,SN
904,"Oregon Grape, Hollyleaved barberry, Oregon Holly Grape, Oregon Holly",DM,FSN
905,"Beale's barberry, Leatherleaf Mahonia",M,FSN
906,Fortune's Mahonia,M,FSN
907,"Mahonia, Fremont's mahonia",DM,N
908,Mexican Barberry,DM,N
909,"Mexican Barberry, Red barberry",DM,N
910,Chinese hollygrape,M,SN
911,"Oregon Grape, Cascade barberry",DM,FSN
912,Nevin's barberry,DM,N
913,"California Barberry, Wavyleaf barberry, Island barberry, Creeping Holly Grape",M,SN
914,Dwarf Barberry,DM,SN
915,"Creeping Oregon Grape, Creeping barberry, Grape Oregon",DM,SN
916,"Texas Mahonia, Texas barberry",DM,N
917,"Mexican Barberry, Algerita",DM,N
918,"Canada Beadruby, Canada mayflower",M,FS
919,"Wild Lily Of The Valley, False lily of the valley",M,FS
920,"Acerola, Barbados Cherry",M,SN
921,"Escobillo, Acerola",M,SN
922,"Southern Crab, Southern crab apple",M,SN
923,"Chinese Crab, Siberian crab apple",M,SN
924,Manchurian Apple,M,SN
925,12345,12345,12345
926,Koai'a,DM,N
927,Naras. Butterpips,DM,N
928,"Hohokam Agave, Murphey agave",DM,N
929,"Vegetable tallow tree, Ouotera",M,SN
930,"Brazilian Spinach, Sambu, Samba lettuce",M,FSN
931,Atemoya,D,N
932,Beach Sugar Apple,M,SN
933,"Araticum, Pinha da Caatinga, Araticum-da-bahia",D,N
934,Pinto peanut,MWe,FSN
935,"Breadnut, Kamansi",M,N
936,Bull Mitchell grass,DM,N
937,TIMBO,M,N
938,"Water Fern, Ferny or Red Azolla",MWeWa,FSN
939,"Rhodesian Teak, Zambesi Redwood",M,SN
940,"Golden Stars, Common goldenstar",M,N
941,Curled Mustard,M,SN
942,Head Mustard,M,SN
943,Large Petiole Mustard,M,SN
944,Leaf Mustard,M,SN
945,Green In The Snow,M,SN
946,"Almondette, Charoli Nut",DM,N
947,Pao Santo,DM,N
948,Japanese sedge,M,FS
949,"Taccy Nut, Nuez de Barinas",M,N
950,Caucho Negro,M,N
951,"She-oak, kilu",M,N
952,Hard leaved tarara,DM,N
953,"Greenheart, Demerara Greenheart",M,N
954,"Chondrilla, Sha di fen bao ju",DM,N
955,Saigon Cinnamon,M,SN
956,Gillet's cherry-orange,M,N
957,"Grapefruit, Pomelo, Pamplemousse",S,N
958,"Hayne oil, Copaiba,",DM,FS
959,Yeheb. Yeheb nut,DM,N
960,Coyote Gourd,DM,N
961,"Palissandre rouge des marais, hitsika, sovodrano",Mwe,N
962,"Mun Ebony, Vietnamese Ebony",DM,N
963,"Calamander, kalu mediriya",DM,N
964,Male Fern,DM,S
965,"Wiliwili, Hawaiian coral tree",DM,N
966,"Brazilian Boxwood, Guaranta",M,FS
967,Cape York red gum,DM,N
968,Timor White Gum,M,N
969,Louro Faja,M,SN
970,Blanket flower,DM,N
971,"Mangosteen, Manggis",M,SN
972,"Creeping broom, Creeping hairy broom",DM,SN
973,Clumping Bamboo,M,N
974,"Ground Ivy, Field Balm, Gill Over The Ground, Runaway Robin",M,SN
975,Grazielodendron,M,SN
976,Caucasian spinach,M,FSN
977,Cusick's sunflower,DM,N
978,Thinleaf sunflower,M,SN
979,Cumala,M,N
980,Piassaba,MWe,N
981,Osha,M,FS
982,Japanese Honeysuckle,DM,SN
983,Blunt folia Maytenus,DM,N
984,Giant Miscanthus,DM,N
985,"Blue Grape, False Jaboticaba",M,N
986,"Giant yellow mulberry, Monkeyfruit",MWe,N
987,White Lettuce,M,FS
988,Lion's Foot,M,FS
989,"Nagi, Nagi Podocarpus, Broadleaf Podocarpus",M,SN
990,Nageia,M,FSN
991,Nodding waternymph,Wa,SN
992,Ricefield waternymph,Wa,SN
993,Spiny Naiad,Wa,SN
994,"Sacred Bamboo, Heavenly Bamboo",M,N
995,Mazari Palm,M,N
996,Jonquil,M,SN
997,Poet's Narcissus,M,N
998,"Wild Daffodil, Daffodil",M,SN
999,"Bunchflower Daffodil, Cream narcissus",M,N
1000,Spikenard,M,SN
1001,"Watercress, Onerow yellowcress",WeWa,N
1002,Watercress,WeWa,N
1003,Brown Watercress,WeWa,N
1004,African Peach,DM,N
1005,"Skunk Weed, Skunkbush",DM,SN
1006,"American Water Lotus, American lotus",Wa,N
1007,"Sacred Water Lotus, Sacred lotus",Wa,N
1008,Mountain Holly,M,SN
1009,Chengal,M,N
1010,"Amboina, Kadam",MWe,SN
1011,"Catmint, Catnip",DM,N
1012,Jing Jie,M,SN
1013,"Rambutan, Hairy Lychee",M,SN
1014,Pulasan,M,SN
1015,"Oleander, Rose Bay",DM,N
1016,Bead Plant,M,S
1017,"East African Newtonia, Forest Newtonia",M,N
1018,12,12,12
1019,"Indian Millet, Indian ricegrass",M,N
1020,Pyramidal Orchid,DM,N
1021,Wedgescale Saltbush,DM,N
1022,Tinwa Bamboo,M,SN
1023,Marsh Orchid,M,SN
1024,Spotted Orchid,M,SN
1025,"Manna Ash, Flowering ash",DM,N
1026,Fragrant Orchid,M,SN
1027,Mochi Tree,M,SN
1028,"Giant Trumpets, Thurber's giant-trumpets",DM,N
1029,Ostrich Fern,M,S
1030,"Wild Four O'clock Plant, Heartleaf four o'clock",M,SN
1031,"Elephant grass, Clumping Bamboo",M,SN
1032,Balsa Wood,M,N
1033,"Sweet Basil, Common Basil, Thai Basil, Tropical Basil",M,N
1034,Bush Basil,M,N
1035,Sacred Basil,M,N
1036,Varongy,M,FSN
1037,"Transvaal stinkwood, stinkhout",M,N
1038,"Brazilian-walnut, imbuia",M,N
1039,Ilimo Tree,M,N
1040,"Oso Berry, Indian plum",M,S
1041,"Water Dropwort, Fineleaf waterdropwort",WeWa,N
1042,"Water Dropwort, Java waterdropwort, Stolon waterdropwort",WeWa,N
1043,"Meadow Parsley, Corkyfruit waterdropwort",MWe,N
1044,"Water Dropwort,Water parsely",MWe,N
1045,Pataua Palm. Bataua,MWe,N
1046,"Pataua, Bacaba, White bacaba",M,N
1047,Whitest Evening Primrose,DM,N
1048,"Evening Primrose, Sun Drop, Common evening primrose",DM,N
1049,Golden Suncup,DM,N
1050,Hooker's Evening Primrose,DM,N
1051,"Large-Flower Evening Primrose, Redsepal evening primrose",DM,N
1052,Okoubaka tree,DM,N
1053,Snake-Needle Grass,M,S
1054,"Olive, African olive, European olive",DM,N
1055,Akeake,M,N
1056,"Desert ironwood, Ironwood",M,SN
1057,Boleko Nut,DM,SN
1058,Sainfoin,M,N
1059,Sensitive Fern,MWe,FS
1060,"Rest Harrow, Common restharrow",DM,N
1061,Spiny Rest Harrow,DM,N
1062,"Scotch Thistle, Scotch cottonthistle",DM,SN
1063,"Cotton Thistle, Illyrian cottonthistle",M,SN
1064,Onosma,DM,N
1065,Adder's tongue fern,MWe,SN
1066,"Adder's Tongue, Southern adderstongue",M,N
1067,"Snake's Beard, Dwarf lilyturf, Mondo Grass, Monkey Grass, Dwarf Lilyturf",MWeWa,SN
1068,Bee Orchid,DM,SN
1069,Brown Bee Orchid,M,SN
1070,Late Spider Orchid,DM,SN
1071,Fly Orchid,M,SN
1072,Yellow Bee Orchid,M,SN
1073,Woodcock Orchid,M,SN
1074,Early Spider Orchid,M,SN
1075,Sawfly Orchid,M,SN
1076,Devil's Club,M,FS
1077,Opopanax,DM,N
1078,"Eastern Prickly Pear, Prickly Pear Cactus",D,N
1079,"Dillen prickly pear,",DM,N
1080,Mojave Prickly Pear,D,N
1081,"Prickly Pear, Barbary fig",D,N
1082,"Prickly Pear, Brittle pricklypear",D,N
1083,Tree Chola,D,N
1084,Western Prickly Pear,D,N
1085,Twist-Spine Prickly Pear,D,N
1086,"Bunny Ears, Angel's-wings",D,N
1087,"Bastard Fig, Tulip pricklypear",D,N
1088,"Plains Prickly Pear, El Paso pricklypear, Grizzlybear pricklypear, Navajo Bridge pricklypear, Hairsp",D,N
1089,Branched Pencil Cholla,D,N
1090,"Velvet prickly pear, Woollyjoint Pricklypear",DM,N
1091,Bug Orchis,M,N
1092,Marsh Orchis,MWe,N
1093,Early Purple Orchis,DM,SN
1094,Military Orchis,M,SN
1095,"Green-Winged Orchid, Green-winged orchid",DM,N
1096,123,123,123
1097,Balsam Fir,M,FSN
1098,"Colorado Fir, White fir",DM,FSN
1099,"She Balsam, Fraser fir, Southern Balsam Fir",M,FSN
1100,Sacapellote,DM,N
1101,"Californian Buckeye, California Horsechestnut",DM,N
1102,Indian Horse Chestnut,M,SN
1103,"Roundleaf Serviceberry, Gaspé serviceberry",DM,SN
1104,Dill,M,N
1105,Red Chokeberry,M,SN
1106,"Asparagus Fern, Common asparagus fern, Plumosa Fern",M,N
1107,Hart's Tongue Fern,DM,FS
1108,"Camel's foot tree, monkey bread",DM,N
1109,Rotan Sega,M,SN
1110,Egg-shaped Rattan. Rotan Ovoid,M,SN
1111,Rotan Rays. Radial Leaf Rotan,M,SN
1112,Pipsissewa,M,FS
1113,"Yellow Spiderflower, Jones spiderflower",DM,N
1114,Bulbous Springparsley,DM,SN
1115,Mountain Spring Parsley,DM,N
1116,Kahikatea,M,S
1117,White Prairie Clover,DM,N
1118,White Prairie Clover,DM,N
1119,Purpletassels,DM,N
1120,Purple Prairie Clover,DM,N
1121,African Copaiba Balsam Tree,M,N
1122,"Umbrella Plant, Indian rhubarb, Indian Rubarb, Indian Rubarb",WeWa,SN
1123,"Crab Grass, Hairy crabgrass",M,N
1124,"Barnyard Millet, Barnyardgrass,",M,N
1125,"Japanese Millet, Billion-dollar grass",M,N
1126,Tartarian Buckwheat,DM,N
1127,"Bacupari, achacha",M,SN
1128,"American Ipecacuanna, American ipecac",M,S
1129,"Indian Physic, Bowman's root",M,SN
1130,"Bei Sha Shen, American silvertop",M,SN
1131,Small floating mannagrass,WeWa,SN
1132,"Floating Manna Grass, Water mannagrass",WeWa,N
1133,Hemp Bush,M,N
1134,Sparse-flowered bog orchid,M,SN
1135,Plumeria sucuuba,DM,N
1136,Idesia,M,SN
1137,Inkberry,M,SN
1138,"Winterberry, Common winterberry",MWe,SN
1139,"Japanese Morning Glory, Whiteedge morning-glory",M,N
1140,"Common Morning Glory, Tall morning-glory",M,N
1141,Oiticica,MWe,SN
1142,Tanbark Oak,M,SN
1143,Japanese Oak,M,SN
1144,"Water Purslane, Spatulaleaf loosestrife",WeWa,SN
1145,"Chinese Crab, Siberian crab apple",M,SN
1146,"Japanese Crab, Japanese flowering crab apple",M,SN
1147,"Prairie Crab, Prairie crab apple, Texas crab apple, Prairie Crabapple",M,SN
1148,"Paradise Apple, Common Apple, Apple Tree",M,SN
1149,"Chinese Flowering Apple, Asiatic apple",M,SN
1150,Oyster Plant,DM,N
1151,Medlar,M,SN
1152,White Lettuce,M,FS
1153,Lion's Foot,M,FS
1154,"East African Newtonia, Forest Newtonia",M,N
1155,Sidebells Wintergreen,M,FSN
1156,"Saba Nut, American Chestnut",DM,SN
1157,Malabar Chestnut,M,SN
1158,"Baboso, Acompes",DM,N
1159,"Ahipa, Yam bean",M,N
1160,"Yam Bean, Jicama, Mexican Yam",M,N
1161,"Jicama, Ajipo",M,N
1162,Allegheny spurge,M,FS
1163,"Japanese Spurge, Japanese pachysandra, Pachysandra",DM,FS
1164,"Golden Groundsel - Life Root, Golden ragwort",MWe,SN
1165,Roundleaf ragwort,M,FSN
1166,Skunk Vine,M,SN
1167,"Anomalous peony, Common Peony",M,SN
1168,Brown's Peony,M,SN
1169,"Tree Peony, Dian mu dan",M,SN
1170,Yama-Shakuyaku,M,SN
1171,"Chinese Peony, Peony",DM,SN
1172,"Tree Peony, Dian mu dan",M,SN
1173,"Peony, Common peony",M,SN
1174,Tree Peony,M,SN
1175,Tree Peony,M,SN
1176,12345678910...,12345678910...,12345678910...
1177,Cussick's camas,M,SN
1178,Japanese Chinquapin,M,S
1179,"South American Sapote, Chupa Chupa, Matisia",M,N
1180,"Bitterwood, Amargo Bark",M,SN
1181,Schuette's oak,MWe,N
1182,Japanese Evergreen Oak,M,SN
1183,Sawthorn Oak,M,SN
1184,"Encina, California live oak, Coast Live Oak",M,SN
1185,"White Oak, Hybrid oak",DM,SN
1186,Oriental White Oak,M,SN
1187,Boz-Pirnal Oak,DM,SN
1188,Swamp White Oak,MWe,SN
1189,"Barro, Brant's oak",DM,N
1190,"Turkey Oak, European turkey oak",M,SN
1191,"Live Oak, Canyon live oak",M,SN
1192,Kermes Oak,M,SN
1193,Scarlet Oak,M,SN
1194,"Japanese Emperor Oak, Daimyo oak",M,SN
1195,Blue Oak,DM,SN
1196,"California Scrub Oak, Leather oak",M,SN
1197,Northern Pin Oak,M,SN
1198,"Black Oak, Emory oak",M,SN
1199,"Evergreen Oak, Engelmann oak, Mesa Oak",M,SN
1200,"Southern Red Oak, Cherrybark Oak, Spanish Oak, Southern Red Oak",M,SN
1201,"Hungarian Oak, Italian Oak, Forest Green Oak",M,SN
1202,"Shin Oak, Gambel oak, Rocky Mountain White Oak",DM,SN
1203,"Oregon White Oak, Garry Oak",M,SN
1204,"Ring-cup oak , Ring Cupped Oak, Blue Japanese Oak",M,SN
1205,"Holly Oak, Evergreen Oak",M,SN
1206,Holm Oak,M,SN
1207,"Shingle Oak, Northern Laurel Oak",M,SN
1208,"Aleppo Oak, Oak",M,SN
1209,Chicalaba,M,N
1210,Valonia Oak,DM,SN
1211,"Californian Black Oak, Black Oak",M,SN
1212,"American Turkey Oak, Turkey oak",M,SN
1213,Bull Oak,M,SN
1214,Lebanon Oak,DM,SN
1215,"Californian White Oak, Valley oak",M,SN
1216,Overcup Oak,M,SN
1217,"Burr Oak, Mossy Cup Oak",DM,SN
1218,Blackjack Oak,DM,SN
1219,Swamp Chestnut Oak,MWe,SN
1220,Mongolian oak,M,SN
1221,"Yellow Chestnut Oak, Chinkapin oak",M,SN
1222,Water Oak,M,SN
1223,Mexican Blue Oak,M,SN
1224,"Pin Oak, Swamp Oak",M,SN
1225,"Sessile Oak, Durmast oak",MWe,SN
1226,Willow Oak,M,SN
1227,"Black ridge oak,",M,SN
1228,Dwarf Chinkapin Oak,DM,SN
1229,Rock Chestnut Oak,M,SN
1230,Downy Oak,DM,SN
1231,"Sandpaper Oak, Pungent oak",M,SN
1232,"Pedunculate Oak, English oak",MWe,SN
1233,"Red Oak, Northern red oak",DM,SN
1234,Bao li,M,SN
1235,"Shumard Oak, Schneck oak",M,SN
1236,Post Oak,M,SN
1237,Cork Oak,M,SN
1238,Cork Oak,DM,SN
1239,Wavyleaf Oak,M,SN
1240,Chinese Cork Oak,M,SN
1241,Black Oak,DM,SN
1242,Live Oak,DM,SN
1243,Live Oak,M,SN
1244,Burgambel oak,DM,SN
1245,"Soap-Bark Tree, Soapbark",M,N
1246,"Paradise tree, bitterwood",MWe,SN
1247,"Ear-Pod Wattle, Black Acacia, Earleaf, Black wattle",DM,N
1248,"Akebia, Chocolate vine, Fiveleaf Akebia, Chocolate Vine",M,FSN
1249,Wild Sweetsop,M,N
1250,Shag-Spine,DM,N
1251,"Buckbrush, Sedgeleaf buckbrush, Monterey ceanothus",DM,SN
1252,"Smoke Tree, European smoketree, Venetian Sumac, Wig Tree, Smoke Tree",DM,SN
1253,"Serendipity Berry, Guinea potato",M,FS
1254,Bacupari,M,SN
1255,"Madruno, Charichuela, Madrono",M,SN
1256,Perennial Lesquerella,DM,SN
1257,Watercress,WeWa,N
1258,"Mountain Sorrel, Alpine mountainsorrel",M,SN
1259,Giant Knotweed,M,SN
1260,"Meadow Buttercup, Tall buttercup, Showy buttercup",MWe,SN
1261,"Water Crowfoot, White water crowfoot",MWeWa,SN
1262,Corn Buttercup,M,SN
1263,"Bulbous Buttercup, St. Anthony's turnip",M,SN
1264,California Buttercup,M,SN
1265,Hui Hui Suan,MWe,SN
1266,"Lesser Celandine - Pilewort, Fig buttercup",M,SN
1267,"Lesser Spearwort, Greater creeping spearwort",MWeWa,SN
1268,Graceful Buttercup,M,SN
1269,Mao Gen,M,SN
1270,"Rough-Seed Buttercup, Spinyfruit buttercup",M,SN
1271,Western Buttercup,M,SN
1272,"Buttercup, Pallas' buttercup",MWe,SN
1273,Pennsylvania Buttercup,MWe,SN
1274,"Creeping Buttercup, Prairie Double-flowered Buttercup, Water Buttercup, Creeping Buttercup",M,SN
1275,Creeping Spearwort,MWe,SN
1276,"Celery-Leaved Buttercup, Cursed buttercup",MWeWa,SN
1277,Radish,M,SN
1278,Sea Radish,M,SN
1279,Wild Radish,M,SN
1280,"Radish, Cultivated radish",M,SN
1281,Rat-Tail Radish,M,SN
1282,Oriental Radish,M,SN
1283,Fodder Radish,M,SN
1284,Raffia Palm,MWe,N
1285,Ivory Coast Raffia Palm,MWe,N
1286,Thatch palm,MWe,SN
1287,Wine Raffia Palm. Wine Palm,M,N
1288,"Prairie Coneflower, Upright prairie coneflower, Woolly Cinquefoil, Praire Coneflower, Mexican Hat",DM,N
1289,"Rauwolfia, Ajmaline, Java devil-pepper",M,SN
1290,Chinese Foxglove - Di Huang,M,SN
1291,"French Scorzonera, Common brighteyes",M,SN
1292,"Wild Mignonette, Yellow mignonette",M,SN
1293,"Weld, Dyer's Rocket",M,N
1294,"Mignonette, Garden mignonette",M,SN
1295,Rampion mignonette,M,SN
1296,"Otaheite Walnut, Lumbang Tree",M,N
1297,Japanese knotweed.,M,SN
1298,Coastal Saltbush,M,SN
1299,Climbing Saltbush,M,N
1300,Mealy Saltbush,M,N
1301,Spiny Saltbush,M,N
1302,Italian Buckthorn,DM,SN
1303,"Indian Cherry, Oak, Carolina Buckthorn",M,SN
1304,Common Buckthorn,DM,SN
1305,Red Berry,DM,N
1306,Dahurian Buckthorn,M,SN
1307,Alder Buckthorn,MWe,SN
1308,lokao,M,SN
1309,Japanese buckthorn,M,SN
1310,Cascara Sagrada,M,SN
1311,"Avignon Berry, Rock buckthorn",M,SN
1312,Dyer's Buckthorn,M,SN
1313,Chinese Buckthorn,M,N
1314,Indian Hawthorn,DM,N
1315,Japanese Hawthorn,M,N
1316,Garden Rhubarb,M,SN
1317,Himalayan Rhubarb,M,SN
1318,Sikkim Rhubarb,M,SN
1319,Chinese Rhubarb,M,SN
1320,"Turkey Rhubarb, Chinese Rhubarb - Da Huang, Chinese rhubarb",M,SN
1321,Da Huang,M,SN
1322,123456,123456,123456
1323,Sea Wormwood,DM,N
1324,"Sage Brush, Big sagebrush, Bonneville big sagebrush",DM,N
1325,Glasswort,M,SN
1326,"Seeded breadfruit, Marianas bread",M,SN
1327,Cutleaf Waterparsnip,MWe,SN
1328,Black Mustard,M,SN
1329,Shittamwood,M,N
1330,Lesser Calamint,DM,N
1331,Wild jicama,M,FSN
1332,"Makhobeli, Syrian cephalaria",M,N
1333,Greenleaf Five Eyes,M,SN
1334,Bluebeard,M,FS
1335,"Cola Nut, Kola, Bissy Nut",M,N
1336,"Green Osier, Alternateleaf dogwood, Alternate Leaf Dogwood, Golden Shadows Pagoda Dogwood, Green Osi",DM,N
1337,"Dogwood, Bloodtwig dogwood",M,SN
1338,Karaka,M,SN
1339,"Cycas, Sago Palm",DMW,FSN
1340,"Broom, Scotch broom, Common Broom",DM,SN
1341,"Tansy Mustard, Western tansymustard, Menzies' tansymustard.",DM,SN
1342,"Flixweed, Herb sophia",M,SN
1343,"Indonesian Ebony, black ebony, makassar-ebenholts",M,N
1344,Wild Cucumber,M,N
1345,"Bread trees, Bread palms, Kaffir bread",DM,SN
1346,"Annual Fleabane, Eastern daisy fleabane",M,N
1347,Escallonia,DM,N
1348,Perennial Buckwheat,M,SN
1349,"Meadowsweet, Queen of the meadow, Double Lady of the Meadow, European Meadowsweet",MWe,SN
1350,"Lian Qiao, Weeping forsythia",M,FSN
1351,American Columbo,M,SN
1352,"Green Gentian, Elkweed",M,SN
1353,Konini,M,SN
1354,Awi Tela,M,SN
1355,"Maidenhair Tree, Ginkgo",DM,N
1356,Perennial Soybean,M,S
1357,"Creeping Lady's Tresses, Lesser rattlesnake plantain",DM,SN
1358,Saxaul,DM,N
1359,Spiny Ironplant,DM,SN
1360,"Creambush, Oceanspray",M,SN
1361,Hen And Chickens Houseleek,DM,N
1362,"Savine, Tam Juniper",DM,N
1363,Dryzone Mahogany,MWe,SN
1364,"Field Scabious, Field scabiosa",DM,SN
1365,Gladich,M,SN
1366,French Lavender,DM,N
1367,Venus' Looking Glass,M,N
1368,"Sea Lavender, Lavender thrift",DM,N
1369,"Sea Lavender, Mediterranean sea lavender, Common Privet",DM,SN
1370,"Yam Daisy, Nodding microseris",M,N
1371,African Peach,DM,N
1372,Perennial Rice,MWeWa,N
1373,Roundleaf ragwort,M,FSN
1374,"Marsh Hog's Fennel, Hogfennel",MWe,SN
1375,Bearsfoot,M,N
1376,Thatch palm,MWe,SN
1377,"Queen's Crown, Redpod stonecrop",DM,N
1378,Rose Root,DM,N
1379,Scrub Palmetto,M,N
1380,"Mexican Palmetto, Rio Grande palmetto, Texas Palmetto",M,N
1381,"Bush Palmetto, Dwarf palmetto",M,N
1382,"Cabbage Palmetto, Blue Palmetto, Common Palmetto",M,N
1383,"Bitter Bloom, Rosepink",M,SN
1384,"Prairie Rose Gentian, Texas star",M,SN
1385,Energy Cane,MWe,N
1386,"Sugarcane, Purple Sugar Cane",MWe,N
1387,Japanese pearlwort,M,SN
1388,stickystem pearlwort,M,SN
1389,Short-Beaked Arrow Leaf,WeWa,N
1390,Chapman's arrowhead,WeWa,N
1391,"Wapato, arumleaf arrowhead",WeWa,N
1392,"Chinese Arrowhead, Grassy Arrowhead, Weatherby's arrowhead",WeWa,SN
1393,"Duck Potato, Broadleaf Arrowhead",WeWa,N
1394,Sessile-Fruited Arrowhead,WeWa,N
1395,"Arrow Head, Hawaii arrowhead",WeWa,N
1396,"Chinese Arrowroot, Threeleaf arrowhead",WeWa,SN
1397,"Salak Palm, Snake Palm",M,SN
1398,"Dwarf Glasswort, Dwarf saltwort",M,N
1399,Glasswort,DM,N
1400,Chicken Claws,M,SN
1401,"Red Glasswort, red swampfire",M,SN
1402,Virginia Glasswort,M,N
1403,Sharp-Leaf Willow,MWe,N
1404,123456789,123456789,123456789
1405,"Camellia, Common Camellia, Japanese Camellia",M,FSN
1406,"Camellia, Sasanqua camellia",M,SN
1407,Shepherd's Purse,DM,SN
1408,Japanese Plum Yew,M,FS
1409,Tagasaste. Tree lucerne.,DM,N
1410,Montbretia,M,SN
1411,Globe Artichoke,M,N
1412,Brush Pepperbush,M,SN
1413,"Intisy, Pencil Plant",D,SN
1414,"Eru, African Jointfir",M,SN
1415,Jointfir,M,FSN
1416,Guayacan,M,N
1417,Chaulmugra,M,SN
1418,East African Copal. Zanzibar copal tree,DM,N
1419,Hyssop,DM,N
1420,Kinugasaso,M,SN
1421,"Tulip Tree, Tulip Poplar, Yellow Poplar, Canary Whitewood",M,N
1422,"Asparagus Pea, Winged pea",DM,N
1423,Celebes nut,MWe,N
1424,Ilimo Tree,M,N
1425,"Baboso, Acompes",DM,N
1426,"Mbola, Grys Appel",MWe,N
1427,Banana Passion Fruit,M,N
1428,"Vietnamese coriander, Asian mint",MWe,SN
1429,Butterbur,M,FSN
1430,Petroleum nut,M,N
1431,"Tormentil, Erect cinquefoil",M,SN
1432,Manchurian apricot,M,SN
1433,"Western Poison Oak, Pacific poison oak",M,N
1434,Wax Tree,M,N
1435,Pacific Sandalwood,DM,N
1436,"Yasi, Fijian Sandalwood, Brown Sandalwood",DM,N
1437,"Vegetable Tallow, Chinese tallow, Popcorn Tree, Chinese Tallow Tree",M,N
1438,"Coastal Redwood, Redwood, California Redwood, Coast Redwood",M,SN
1439,"Taengwood Balau, teng",DM,N
1440,Light Red Meranti,DM,N
1441,Prairie Rosinweed,DM,N
1442,"Big leafed Swartzia, Coracao-de-Negro",M,N
1443,"Apamate, Pink Poui, Pink Tecoma, Rosy Trumpet Tree",DM,N
1444,Tabernaemontana,M,N
1445,Iboga,MWe,SN
1446,"Polynesian Arrowroot, Pia",M,SN
1447,Tachia,M,N
1448,Tachigali,M,N
1449,Yellow pimpernel,DM,SN
1450,"African Marigold, Aztec marigold, Big Marigold, American Marigold",DM,N
1451,Irish Lace,DM,N
1452,"Mexican Tarragon, Sweetscented marigold",DM,N
1453,Licorice marigold,DM,N
1454,Muster-John-Henry,DM,N
1455,"French Marigold, Dwarf French Marigold",DM,N
1456,"Lemon Marigold, Striped Mexican Marigold, Signet Marigold",DM,N
1457,Orange Flameflower,M,SN
1458,"Tahitian Spinach, Waterleaf, Ceylon Spinach",DM,SN
1459,Blue Mahoe,DM,N
1460,"Beach Hibiscus, Sea Hibiscus, Cottontree, Mahoe",MWe,N
1461,Pitomba,M,N
1462,Tamarind,DM,N
1463,African tamarisk,DM,N
1464,English Tree,DM,N
1465,Athel Tamarisk,DM,N
1466,"Tamarisk, Canary Island tamarisk",DM,N
1467,"Chinese Tamarisk, Five-stamen tamarisk",DM,N
1468,"Manna Plant, French tamarisk",DM,N
1469,Kashgar Tree,DM,N
1470,Small-Flowered Tamarisk,DM,N
1471,"Tamarisk, Saltcedar",DM,N
1472,Black Bryony,M,SN
1473,"Alecost, Costmary",DM,SN
1474,"Dalmation Pellitory, Pyrethrum",DM,N
1475,"Pyrethrum, Pyrethum daisy, Persian Insect Flower, Painted Daisy",M,SN
1476,"Feverfew, Matricaria",DM,N
1477,"Tansy, Common tansy, Golden Buttons, Curly Leaf Tansy",DM,N
1478,Rubber Dandelion,M,SN
1479,"Red-Seed Dandelion, Rock dandelion",DM,SN
1480,"Dandelion - Kukraundha, Kanphool, Common dandelion, Dandelion",M,SN
1481,"Camphor Bush, Wild Camphor Bush",DMWe,SN
1482,1234,1234,1234
1483,"Indian Woodoats, Wild Oats Grass, North American Wild Oats, Northern Sea Oats, Spanglegrass River Oa",M,SN
1484,Japanese Fairy Bells,M,S
1485,"Nipa. Palmer saltgrass, NyPa Wild Wheat",MWeWa,SN
1486,Canadian Wood Nettle,M,SN
1487,Wild Rhea,MWe,FS
1488,"Yaya, lancewood",M,N
1489,Guinea grass. Green panic grass,DM,FSN
1490,Wild Loquat,M,SN
1491,"Uñi, Chilean guava",DM,N
1492,"Gorse, Common gorse",DM,N
1493,Olluco,M,N
1494,Winged Elm,M,SN
1495,"American Elm, Gray Elm, Water Elm",M,SN
1496,Japanese Elm,M,SN
1497,"Wych Elm, Table-top Scotch Elm, Scotch Elm",M,SN
1498,Japanese Elm,M,SN
1499,"Chinese Elm, Lacebark Elm",M,SN
1500,English Elm,M,SN
1501,"Siberian Elm, Hybrid elm",DM,SN
1502,Slippery Elm,M,SN
1503,Rock Elm,M,SN
1504,Cherry Bark Elm,M,SN
1505,"California Laurel, California Bay",M,N
1506,Pennywort,M,SN
1507,Cat's Claw,M,N
1508,Cat's Claw,M,SN
1509,"Sea Oats, Sea Oats Grass",M,SN
1510,"Nettle Tree, Chichaste, Ortiga",MWe,SN
1511,"Sea Squill, Red squill",DM,N
1512,"Sabi grass, Gonya grass, Bushveld signal grass",M,SN
1513,Stinging nettle,M,SN
1514,"Stinging Nettle, California nettle",M,SN
1515,"Stinging Nettle, California nettle",M,SN
1516,Stinging Nettle,M,SN
1517,Stinging Nettle,M,SN
1518,Scrub Nettle,M,SN
1519,Stinging Nettle,M,SN
1520,Roman Nettle,M,N
1521,"Stinging Nettle, California nettle",M,SN
1522,California nettle,M,SN
1523,Annual Nettle,M,N
1524,Bladderwort,Wa,N
1525,"Fairybells, Merry Bells, Bellwort, Largeflower bellwort",M,FS
1526,"Bellwort, Perfoliate bellwort",M,FS
1527,"Bellwort, Sessileleaf bellwort",M,FS
1528,Bai Wei,M,SN
1529,Box Huckleberry,DM,FSN
1530,"Dangleberry, Blue huckleberry",DM,SN
1531,New Zealand hebe,M,N
1532,Hebe,M,SN
1533,False Spikenard,M,FS
1534,"Cow Cockle, Cow soapwort",M,N
1535,Alaska Blueberry,M,SN
1536,Large-Cluster Blueberry,MWe,SN
1537,"Low Sweet Blueberry, Lowbush blueberry",DM,SN
1538,Low Sweet Blueberry,DM,SN
1539,Farkleberry,M,SN
1540,Dwarf bilberry,MWe,SN
1541,Caucasian Whortleberry,M,SN
1542,Rabbiteye Blueberry,M,SN
1543,Northern Blueberry,M,SN
1544,Sea Bilberry,M,SN
1545,New Jersey blueberry,MWe,SN
1546,Dwarf Bilberry,M,SN
1547,Hillside Blueberry,M,SN
1548,"High-Bush Blueberry, American Blueberry, Swamp Blueberry, Blueberry",M,SN
1549,Creeping Blueberry,M,SN
1550,Darrow's blueberry,DM,SN
1551,"Alpine Blueberry, Cascade bilberry",M,SN
1552,Elliott's blueberry,M,SN
1553,Southern Mountain Cranberry,M,SN
1554,"Swamp Highbush Blueberry, Southern blueberry",M,SN
1555,Black Highbush Blueberry,MWe,SN
1556,Hairy Huckleberry,M,SN
1557,"American Cranberry, Cranberry",MWe,SN
1558,Georgia Blueberry,M,SN
1559,"Mountain Huckleberry, Thinleaf huckleberry",M,SN
1560,Mortiño,M,SN
1561,"Florida Evergreen Blueberry, Shiny blueberry",M,SN
1562,"Sourtop Blueberry, Velvetleaf huckleberry",M,SN
1563,"Bilberry, Whortleberry",M,SN
1564,Deerberry,M,SN
1565,Western Blueberry,MWe,SN
1566,"Black Huckleberry, Oval-leaf blueberry",M,SN
1567,"Evergreen Huckleberry, Florist's Huckleberry, Shot Huckleberry, Californian Huckleberry",DM,SN
1568,Small Cranberry,MWe,SN
1569,Madeiran Whortleberry,M,SN
1570,"Red Bilberry, Red huckleberry",M,SN
1571,Kamchatka Bilberry,M,S
1572,"Grouseberry, Grouse whortleberry",M,SN
1573,upland highbush blueberry,M,SN
1574,Deerberry,DM,SN
1575,Small-Cluster Blueberry,M,SN
1576,Bog Bilberry,MWe,SN
1577,Dryland Blueberry,DM,SN
1578,"Rabbit-Eye Blueberry, Smallflower blueberry",M,SN
1579,"Cowberry, Lingonberry, Northern mountain cranberry, Cranberry",M,SN
1580,Cape Thorn Tree,DMWe,N
1581,Gum Arabic Tree,M,N
1582,Shittim Wood,DM,N
1583,Umbrella Thorn,DM,N
1584,"Valerian, Captiate valerian",MWe,N
1585,Tobacco Root,M,N
1586,"Marsh Valerian, Woods valerian",MWe,N
1587,Indian Valerian,M,N
1588,Tobacco Root,M,N
1589,western valerian,M,N
1590,"Valerian, Garden valerian",M,N
1591,"American Valerian, Sitka valerian",M,N
1592,Mountain Valerian,MWe,N
1593,"Keeled-Fruited Cornsalad, European cornsalad",DM,N
1594,Italian Corn Salad,DM,N
1595,"Corn Salad, Lewiston cornsalad",DM,N
1596,Beaked Cornsalad,DM,N
1597,"Water Celery, American eelgrass",Wa,N
1598,Eel Grass,Wa,N
1599,African medlar,DM,SN
1600,Vanilla,DM,FS
1601,Babaco,M,N
1602,White Dammar,M,FSN
1603,1234,1234,1234
1604,"Butternut - White Walnut, Butternut",M,N
1605,Appalachian barren strawberry,DM,FSN
1606,Barren Strawberry,M,SN
1607,Pepperbark Tree,M,N
1608,"Japanese Horseradish, Wasabi",WeWa,SN
1609,"Desert Fan Palm, California fan palm, California Washingtonia Palm, Petticoat Palm, Desert Fan Pal",DM,N
1610,Crimson weigela,M,SN
1611,"Oldfashioned weigela, Rose Weigela, Old Fashioned Weigela",M,SN
1612,Kamahi,M,SN
1613,"Heaven fruit, Borneo rubber, Akar gerit-gerit besi",MWe,SN
1614,"Gedraphol, Kuy",M,SN
1615,White velvetleaf,DM,N
1616,Japanese Wisteria,M,N
1617,American Wisteria,M,N
1618,Chinese Wisteria,M,N
1619,Silky Wisteria,M,N
1620,"Ashwagandha - Indian Ginseng, Withania",M,N
1621,Baw-Baw Berry,M,SN
1622,"Least Duckweed, Spotless watermeal",Wa,N
1623,Khai Nam,WeWa,N
1624,Fire-flame bush,M,N
1625,Netted chain fern,MWe,S
1626,"Chain Fern, Rooting chainfern",MWe,S
1627,Virginia Chain Fern,MWe,S
1628,"Mulesears Wyethia, Mule-ears",M,N
1629,California Compass Plant,M,N
1630,"Sunflower Wyethia, Sunflower mule-ears",M,N
1631,Humboldt Mulesears,M,N
1632,"Woolly Wyethia, Woolly mule-ears",M,N
1633,"Twinberry, Twinberry honeysuckle",M,N
1634,Aronia x mountain ash,M,N
1635,Haw x mountain ash,M,N
1636,Pear x mountain ash,M,N
1637,Canada cocklebur,M,N
1638,Spiny Cocklebur,M,N
1639,"Cocklebur, Rough cocklebur, Canada cocklebur",DM,N
1640,Yellowhorn,DM,N
1641,Yellowroot,MWe,FSN
1642,Grasstree,M,N
1643,Mangkono,M,N
1644,Iron Wood,M,N
1645,"Indian Basket Grass, Common beargrass",M,SN
1646,Carolina Yelloweyed Grass,MWe,SN
1647,"Palma real, Chivila",M,N
1648,"Japanese Hawkweed, Oriental false hawksbeard",M,SN
1649,"Spanish Bayonet, Aloe yucca, Dagger Plant, Yucca, Spanish Bayonet",DM,SN
1650,"Narrowleaf yucca, Kanab yucca, Toft's yucca, Yucca",DM,SN
1651,"Spanish Bayonet, Banana yucca, Blue Yucca, Spanish Yucca",DM,N
1652,"Joshua Tree, Jaeger's Joshua tree, Yucca, Joshua Tree",DM,SN
1653,Buckley's Yucca,DM,SN
1654,"Soap Tree, Soaptree yucca, Soapweed, Soapweed Yucca",DM,SN
1655,"Spoonleaf Yucca, Adam's needle, Desert Candle, Needle Palm, St. Peter's Palm, Spanish Bayonet, Comm",DM,SN
1656,"Spineless yucca, Izote",DM,SN
1657,"Soapweed, Soapweed yucca, Gurney's yucca, American Vetch, Yucca, Narrowleaf Yucca, Soapweed",DM,SN
1658,"Spanish Dagger, moundlily yucca, Palm Lily, Roman Candle, Mound Lily Yucca, Spanish Dagger",DM,SN
1659,"Spanish Bayonet, New Mexico Spanish bayonet",DM,SN
1660,Curve-leaf yucca,DM,SN
1661,"Twisted-Leaf Yucca, Texas yucca",DM,SN
1662,"Mojave Yucca, Yucca",DM,N
1663,"Adam's Needle, Weak-leaf yucca",DM,SN
1664,Our Lord's Candle,DM,S
1665,Ringal,M,FSN
1666,Maculata bamboo,M,SN
1667,Indian Abelia,DM,SN
1668,Hairy Brome,DM,SN
1669,Palma corcho,M,FSN
1670,Zamia cycads. Pine cone cycad,DMWe,FSN
1671,Horned Pondweed,Wa,SN
1672,"Arum Lily, Calla lily, White Calla Lily",WeWa,SN
1673,Winged Prickly Ash,M,SN
1674,"Prickly Ash - Northern, Common pricklyash, Northern Prickly Ash",M,SN
1675,"Hercules Club. Prickly Ash - Southern, Hercules' club, Southern Prickly Ash",M,SN
1676,Japanese Pepper Tree,M,SN
1677,Winged Prickly Ash,M,SN
1678,Peppertree,M,SN
1679,"Szechuan Pepper, Chinese-pepper, Prickly Ash",M,FSN
1680,"Perennial corn, Perennial Maize",M,N
1681,"Sweet Corn, Corn",M,N
1682,Chinese Zelkova,M,SN
1683,"Japanese Zelkova, Saw Leaf Zelkova",M,SN
1684,Atamasco Lily,M,N
1685,Sandfly Bush,M,N
1686,"Ginger: Common,Cooking Stem, Canton",M,SN
1687,"Wild Rice, Annual wildrice",Wa,N
1688,Manchurian Wild Rice,Wa,SN
1689,"Meadow zizia, Golden alexanders",DM,SN
1690,"Golden Alexanders, Golden zizia",M,N
1691,Jujube,DM,N
1692,"Eel Grass, Seawrack",Wa,N
1693,Korean Lawn Grass,M,N
1694,Syrian Bean Caper,DM,N
